id,country
5uwns89zht,NDF
5uwns89zht,US
5uwns89zht,other
5uwns89zht,FR
5uwns89zht,IT
jtl0dijy2j,NDF
jtl0dijy2j,US
jtl0dijy2j,other
jtl0dijy2j,FR
jtl0dijy2j,IT
xx0ulgorjt,NDF
xx0ulgorjt,US
xx0ulgorjt,other
xx0ulgorjt,FR
xx0ulgorjt,ES
6c6puo6ix0,NDF
6c6puo6ix0,US
6c6puo6ix0,other
6c6puo6ix0,FR
6c6puo6ix0,ES
czqhjk3yfe,NDF
czqhjk3yfe,US
czqhjk3yfe,other
czqhjk3yfe,FR
czqhjk3yfe,IT
szx28ujmhf,US
szx28ujmhf,NDF
szx28ujmhf,other
szx28ujmhf,FR
szx28ujmhf,GB
guenkfjcbq,NDF
guenkfjcbq,US
guenkfjcbq,other
guenkfjcbq,FR
guenkfjcbq,IT
tkpq0mlugk,NDF
tkpq0mlugk,US
tkpq0mlugk,other
tkpq0mlugk,FR
tkpq0mlugk,IT
3xtgd5p9dn,NDF
3xtgd5p9dn,US
3xtgd5p9dn,other
3xtgd5p9dn,FR
3xtgd5p9dn,IT
md9aj22l5a,NDF
md9aj22l5a,US
md9aj22l5a,other
md9aj22l5a,FR
md9aj22l5a,IT
gg3eswjxdf,NDF
gg3eswjxdf,US
gg3eswjxdf,other
gg3eswjxdf,FR
gg3eswjxdf,IT
fyomoivygn,US
fyomoivygn,NDF
fyomoivygn,other
fyomoivygn,FR
fyomoivygn,IT
iq4kkd5oan,NDF
iq4kkd5oan,US
iq4kkd5oan,other
iq4kkd5oan,ES
iq4kkd5oan,FR
6k1xls6x5j,NDF
6k1xls6x5j,US
6k1xls6x5j,other
6k1xls6x5j,FR
6k1xls6x5j,GB
jodmb2ok1f,NDF
jodmb2ok1f,US
jodmb2ok1f,other
jodmb2ok1f,FR
jodmb2ok1f,ES
eq6fy0m4vc,US
eq6fy0m4vc,NDF
eq6fy0m4vc,other
eq6fy0m4vc,FR
eq6fy0m4vc,GB
yq4i7nfh6l,NDF
yq4i7nfh6l,US
yq4i7nfh6l,other
yq4i7nfh6l,FR
yq4i7nfh6l,IT
q5pibqdous,US
q5pibqdous,NDF
q5pibqdous,other
q5pibqdous,FR
q5pibqdous,ES
i0sc6d3j8s,US
i0sc6d3j8s,NDF
i0sc6d3j8s,other
i0sc6d3j8s,FR
i0sc6d3j8s,IT
br5mcrsqzn,NDF
br5mcrsqzn,US
br5mcrsqzn,other
br5mcrsqzn,FR
br5mcrsqzn,ES
rddbczuxx1,US
rddbczuxx1,NDF
rddbczuxx1,other
rddbczuxx1,FR
rddbczuxx1,GB
glck7hlmzz,NDF
glck7hlmzz,US
glck7hlmzz,other
glck7hlmzz,FR
glck7hlmzz,IT
sxpkaxep8n,NDF
sxpkaxep8n,US
sxpkaxep8n,other
sxpkaxep8n,FR
sxpkaxep8n,ES
sr4ntmalz2,NDF
sr4ntmalz2,US
sr4ntmalz2,other
sr4ntmalz2,FR
sr4ntmalz2,IT
f6wueq1ccn,NDF
f6wueq1ccn,US
f6wueq1ccn,other
f6wueq1ccn,FR
f6wueq1ccn,IT
ovc6nwn6mj,NDF
ovc6nwn6mj,US
ovc6nwn6mj,other
ovc6nwn6mj,CA
ovc6nwn6mj,FR
n10skstp90,US
n10skstp90,NDF
n10skstp90,other
n10skstp90,FR
n10skstp90,ES
5jrbdigmv4,NDF
5jrbdigmv4,US
5jrbdigmv4,other
5jrbdigmv4,FR
5jrbdigmv4,IT
d45nngmojp,US
d45nngmojp,NDF
d45nngmojp,other
d45nngmojp,FR
d45nngmojp,ES
y0frb6t1kq,NDF
y0frb6t1kq,US
y0frb6t1kq,other
y0frb6t1kq,FR
y0frb6t1kq,IT
qmu1dyhecs,US
qmu1dyhecs,NDF
qmu1dyhecs,other
qmu1dyhecs,FR
qmu1dyhecs,ES
zh9czv7f70,NDF
zh9czv7f70,US
zh9czv7f70,other
zh9czv7f70,FR
zh9czv7f70,GB
2016g8ddq0,NDF
2016g8ddq0,US
2016g8ddq0,other
2016g8ddq0,FR
2016g8ddq0,ES
e3slm56xll,NDF
e3slm56xll,US
e3slm56xll,other
e3slm56xll,FR
e3slm56xll,GB
88cbtox128,NDF
88cbtox128,US
88cbtox128,other
88cbtox128,FR
88cbtox128,GB
axonoz3dej,US
axonoz3dej,NDF
axonoz3dej,other
axonoz3dej,FR
axonoz3dej,GB
vhds8tixz6,NDF
vhds8tixz6,US
vhds8tixz6,other
vhds8tixz6,FR
vhds8tixz6,GB
xp1zfu6j6u,US
xp1zfu6j6u,NDF
xp1zfu6j6u,other
xp1zfu6j6u,FR
xp1zfu6j6u,DE
uuo66r9x53,NDF
uuo66r9x53,US
uuo66r9x53,other
uuo66r9x53,FR
uuo66r9x53,GB
kkwypqtlra,US
kkwypqtlra,NDF
kkwypqtlra,other
kkwypqtlra,FR
kkwypqtlra,GB
l2jsjvniuk,NDF
l2jsjvniuk,US
l2jsjvniuk,other
l2jsjvniuk,FR
l2jsjvniuk,IT
0cvk7jktso,US
0cvk7jktso,NDF
0cvk7jktso,other
0cvk7jktso,FR
0cvk7jktso,IT
c4q1tm2y1k,US
c4q1tm2y1k,NDF
c4q1tm2y1k,DE
c4q1tm2y1k,other
c4q1tm2y1k,FR
vuwfq20pw3,US
vuwfq20pw3,NDF
vuwfq20pw3,other
vuwfq20pw3,FR
vuwfq20pw3,ES
t8hk5t7mcf,NDF
t8hk5t7mcf,US
t8hk5t7mcf,other
t8hk5t7mcf,IT
t8hk5t7mcf,FR
p2l7d6qu1u,US
p2l7d6qu1u,NDF
p2l7d6qu1u,other
p2l7d6qu1u,FR
p2l7d6qu1u,CA
tvlh11azwo,NDF
tvlh11azwo,US
tvlh11azwo,other
tvlh11azwo,FR
tvlh11azwo,GB
gemyhv9gb9,NDF
gemyhv9gb9,US
gemyhv9gb9,other
gemyhv9gb9,FR
gemyhv9gb9,IT
hiv4ovzlub,NDF
hiv4ovzlub,US
hiv4ovzlub,other
hiv4ovzlub,FR
hiv4ovzlub,ES
ckmvpcz1s0,NDF
ckmvpcz1s0,US
ckmvpcz1s0,other
ckmvpcz1s0,FR
ckmvpcz1s0,IT
586v6ps2m8,NDF
586v6ps2m8,US
586v6ps2m8,other
586v6ps2m8,FR
586v6ps2m8,IT
l3pmdh5txj,NDF
l3pmdh5txj,US
l3pmdh5txj,other
l3pmdh5txj,FR
l3pmdh5txj,IT
6n6tybnvcx,US
6n6tybnvcx,NDF
6n6tybnvcx,FR
6n6tybnvcx,other
6n6tybnvcx,GB
yotwtxcm6v,NDF
yotwtxcm6v,US
yotwtxcm6v,other
yotwtxcm6v,FR
yotwtxcm6v,GB
ur4dlks25n,NDF
ur4dlks25n,US
ur4dlks25n,FR
ur4dlks25n,other
ur4dlks25n,CA
m6bodat9ft,NDF
m6bodat9ft,US
m6bodat9ft,other
m6bodat9ft,ES
m6bodat9ft,FR
